status,local_path,local_size,local_date,vercel_url,vercel_alt,vercel_size,vercel_date
❌ Manquant sur le site Vercel,C:\DATA-MC-2030\97IMPORT\97import2026_siteweb\documents\fiche_technique_maison_modulaire.pdf,5586,2026-04-04 19:52:43,,,,
❌ Manquant sur le site Vercel,C:\DATA-MC-2030\97IMPORT\97import2026_siteweb\documents\r18_pro_fiche_technique.pdf,315334,2026-04-04 19:52:43,,,,
❌ Manquant sur le site Vercel,C:\DATA-MC-2030\97IMPORT\97import2026_siteweb\documents\r22_pro_fiche_technique.pdf,318461,2026-04-04 19:52:44,,,,
❌ Manquant sur le site Vercel,C:\DATA-MC-2030\97IMPORT\97import2026_siteweb\documents\r32_pro_fiche_technique.pdf,325745,2026-04-04 19:52:44,,,,
❌ Manquant sur le site Vercel,C:\DATA-MC-2030\97IMPORT\97import2026_siteweb\documents\r57_pro_fiche_technique.pdf,27922,2026-04-04 19:52:44,,,,
❌ Manquant sur le site Vercel,C:\DATA-MC-2030\97IMPORT\97import2026_siteweb\images\accessories\auger_r18.jpeg,15210,2026-04-04 19:52:44,,,,
❌ Manquant sur le site Vercel,C:\DATA-MC-2030\97IMPORT\97import2026_siteweb\images\accessories\auger_r18.webp,39188,2026-04-04 19:47:02,,,,
❌ Manquant sur le site Vercel,C:\DATA-MC-2030\97IMPORT\97import2026_siteweb\images\accessories\flat_bucket_r18.jpeg,12636,2026-04-04 19:52:45,,,,
❌ Manquant sur le site Vercel,C:\DATA-MC-2030\97IMPORT\97import2026_siteweb\images\accessories\flat_bucket_r18.webp,35552,2026-04-04 19:47:02,,,,
❌ Manquant sur le site Vercel,C:\DATA-MC-2030\97IMPORT\97import2026_siteweb\images\accessories\fourche.jpeg,15210,2026-04-04 19:52:45,,,,
❌ Manquant sur le site Vercel,C:\DATA-MC-2030\97IMPORT\97import2026_siteweb\images\accessories\fourche.webp,39188,2026-04-04 19:47:02,,,,
❌ Manquant sur le site Vercel,C:\DATA-MC-2030\97IMPORT\97import2026_siteweb\images\accessories\godet_cribleur.png,19712,2026-04-04 19:52:45,,,,
❌ Manquant sur le site Vercel,C:\DATA-MC-2030\97IMPORT\97import2026_siteweb\images\accessories\godet_cribleur.webp,11848,2026-04-04 19:47:02,,,,
❌ Manquant sur le site Vercel,C:\DATA-MC-2030\97IMPORT\97import2026_siteweb\images\accessories\godet_dents.png,22602,2026-04-04 19:52:46,,,,
❌ Manquant sur le site Vercel,C:\DATA-MC-2030\97IMPORT\97import2026_siteweb\images\accessories\godet_dents.webp,13568,2026-04-04 19:47:02,,,,
❌ Manquant sur le site Vercel,C:\DATA-MC-2030\97IMPORT\97import2026_siteweb\images\accessories\godet_inclinable.jpeg,15210,2026-04-04 19:52:46,,,,
❌ Manquant sur le site Vercel,C:\DATA-MC-2030\97IMPORT\97import2026_siteweb\images\accessories\godet_inclinable.webp,39188,2026-04-04 19:47:02,,,,
❌ Manquant sur le site Vercel,C:\DATA-MC-2030\97IMPORT\97import2026_siteweb\images\accessories\godet_lisse.jpeg,15210,2026-04-04 19:52:47,,,,
❌ Manquant sur le site Vercel,C:\DATA-MC-2030\97IMPORT\97import2026_siteweb\images\accessories\godet_lisse.webp,39188,2026-04-04 19:47:02,,,,
❌ Manquant sur le site Vercel,C:\DATA-MC-2030\97IMPORT\97import2026_siteweb\images\accessories\grappin.jpeg,15210,2026-04-04 19:52:47,,,,
❌ Manquant sur le site Vercel,C:\DATA-MC-2030\97IMPORT\97import2026_siteweb\images\accessories\grappin.webp,39188,2026-04-04 19:47:02,,,,
❌ Manquant sur le site Vercel,C:\DATA-MC-2030\97IMPORT\97import2026_siteweb\images\accessories\grapple_r18.jpeg,14770,2026-04-04 19:52:47,,,,
❌ Manquant sur le site Vercel,C:\DATA-MC-2030\97IMPORT\97import2026_siteweb\images\accessories\grapple_r18.webp,44190,2026-04-04 19:47:02,,,,
❌ Manquant sur le site Vercel,C:\DATA-MC-2030\97IMPORT\97import2026_siteweb\images\accessories\hydraulic_hammer_r18.jpeg,15095,2026-04-04 19:52:48,,,,
❌ Manquant sur le site Vercel,C:\DATA-MC-2030\97IMPORT\97import2026_siteweb\images\accessories\hydraulic_hammer_r18.webp,38840,2026-04-04 19:47:02,,,,
❌ Manquant sur le site Vercel,C:\DATA-MC-2030\97IMPORT\97import2026_siteweb\images\accessories\marteau_hydraulique.png,19491,2026-04-04 19:52:48,,,,
❌ Manquant sur le site Vercel,C:\DATA-MC-2030\97IMPORT\97import2026_siteweb\images\accessories\marteau_hydraulique.webp,11700,2026-04-04 19:47:02,,,,
❌ Manquant sur le site Vercel,C:\DATA-MC-2030\97IMPORT\97import2026_siteweb\images\accessories\rake_r18.jpeg,15593,2026-04-04 19:52:49,,,,
❌ Manquant sur le site Vercel,C:\DATA-MC-2030\97IMPORT\97import2026_siteweb\images\accessories\rake_r18.webp,40346,2026-04-04 19:47:02,,,,
❌ Manquant sur le site Vercel,C:\DATA-MC-2030\97IMPORT\97import2026_siteweb\images\accessories\ripper_r18.jpeg,9464,2026-04-04 19:52:49,,,,
❌ Manquant sur le site Vercel,C:\DATA-MC-2030\97IMPORT\97import2026_siteweb\images\accessories\ripper_r18.webp,23990,2026-04-04 19:47:02,,,,
❌ Manquant sur le site Vercel,C:\DATA-MC-2030\97IMPORT\97import2026_siteweb\images\accessories\tariere.jpeg,15210,2026-04-04 19:52:49,,,,
❌ Manquant sur le site Vercel,C:\DATA-MC-2030\97IMPORT\97import2026_siteweb\images\accessories\tariere.webp,39188,2026-04-04 19:47:02,,,,
❌ Manquant sur le site Vercel,C:\DATA-MC-2030\97IMPORT\97import2026_siteweb\images\accessories\tilt_bucket_r18.jpeg,15268,2026-04-04 19:52:50,,,,
❌ Manquant sur le site Vercel,C:\DATA-MC-2030\97IMPORT\97import2026_siteweb\images\accessories\tilt_bucket_r18.webp,46726,2026-04-04 19:47:02,,,,
❌ Manquant sur le site Vercel,C:\DATA-MC-2030\97IMPORT\97import2026_siteweb\images\accessories\tooth_bucket_r18.jpeg,13604,2026-04-04 19:52:50,,,,
❌ Manquant sur le site Vercel,C:\DATA-MC-2030\97IMPORT\97import2026_siteweb\images\accessories\tooth_bucket_r18.webp,38234,2026-04-04 19:47:02,,,,
❌ Manquant sur le site Vercel,C:\DATA-MC-2030\97IMPORT\97import2026_siteweb\images\houses\camping_car\bathroom.jpg,169068,2026-04-04 19:52:56,,,,
❌ Manquant sur le site Vercel,C:\DATA-MC-2030\97IMPORT\97import2026_siteweb\images\houses\camping_car\bedroom.jpg,282151,2026-04-04 19:52:57,,,,
❌ Manquant sur le site Vercel,C:\DATA-MC-2030\97IMPORT\97import2026_siteweb\images\houses\camping_car\dining_area.jpg,297165,2026-04-04 19:52:57,,,,
❌ Manquant sur le site Vercel,C:\DATA-MC-2030\97IMPORT\97import2026_siteweb\images\houses\camping_car\exterior_back.jpg,266225,2026-04-04 19:52:57,,,,
❌ Manquant sur le site Vercel,C:\DATA-MC-2030\97IMPORT\97import2026_siteweb\images\houses\camping_car\exterior_front_side.jpg,270887,2026-04-04 19:52:57,,,,
❌ Manquant sur le site Vercel,C:\DATA-MC-2030\97IMPORT\97import2026_siteweb\images\houses\camping_car\exterior_main.webp,23808,2026-04-04 19:47:03,,,,
❌ Manquant sur le site Vercel,C:\DATA-MC-2030\97IMPORT\97import2026_siteweb\images\houses\camping_car\exterior_side.jpg,203618,2026-04-04 19:52:58,,,,
❌ Manquant sur le site Vercel,C:\DATA-MC-2030\97IMPORT\97import2026_siteweb\images\houses\camping_car\interior_living.jpg,250186,2026-04-04 19:52:58,,,,
❌ Manquant sur le site Vercel,C:\DATA-MC-2030\97IMPORT\97import2026_siteweb\images\houses\camping_car\interior_overview.jpg,290082,2026-04-04 19:52:59,,,,
❌ Manquant sur le site Vercel,C:\DATA-MC-2030\97IMPORT\97import2026_siteweb\images\houses\camping_car\kitchen.jpg,252603,2026-04-04 19:52:59,,,,
❌ Manquant sur le site Vercel,C:\DATA-MC-2030\97IMPORT\97import2026_siteweb\images\houses\camping_car\laundry.jpg,244161,2026-04-04 19:52:59,,,,
❌ Manquant sur le site Vercel,C:\DATA-MC-2030\97IMPORT\97import2026_siteweb\images\houses\camping_car\video_tour.mp4,13812784,2026-04-04 19:47:07,,,,
❌ Manquant sur le site Vercel,C:\DATA-MC-2030\97IMPORT\97import2026_siteweb\images\houses\modular_premium\exterior_1.jpg,249609,2026-04-04 19:53:00,,,,
❌ Manquant sur le site Vercel,C:\DATA-MC-2030\97IMPORT\97import2026_siteweb\images\houses\modular_premium\exterior_2.jpg,196171,2026-04-04 19:53:01,,,,
❌ Manquant sur le site Vercel,C:\DATA-MC-2030\97IMPORT\97import2026_siteweb\images\houses\modular_premium\exterior_3.jpg,2706041,2026-04-04 19:53:01,,,,
❌ Manquant sur le site Vercel,C:\DATA-MC-2030\97IMPORT\97import2026_siteweb\images\houses\modular_premium\exterior_4.jpg,310526,2026-04-04 19:53:01,,,,
❌ Manquant sur le site Vercel,C:\DATA-MC-2030\97IMPORT\97import2026_siteweb\images\houses\modular_premium\video_1.mp4,10938624,2026-04-04 19:47:07,,,,
❌ Manquant sur le site Vercel,C:\DATA-MC-2030\97IMPORT\97import2026_siteweb\images\houses\modular_premium\video_2.mp4,30366314,2026-04-04 19:47:07,,,,
❌ Manquant sur le site Vercel,C:\DATA-MC-2030\97IMPORT\97import2026_siteweb\images\houses\modular_standard\exterior_1.jpeg,113114,2026-04-04 19:53:03,,,,
❌ Manquant sur le site Vercel,C:\DATA-MC-2030\97IMPORT\97import2026_siteweb\images\houses\modular_standard\exterior_2.jpeg,95878,2026-04-04 19:53:04,,,,
❌ Manquant sur le site Vercel,C:\DATA-MC-2030\97IMPORT\97import2026_siteweb\images\houses\modular_standard\exterior_3.jpeg,221845,2026-04-04 19:53:04,,,,
❌ Manquant sur le site Vercel,C:\DATA-MC-2030\97IMPORT\97import2026_siteweb\images\houses\modular_standard\exterior_4.jpeg,77030,2026-04-04 19:53:04,,,,
❌ Manquant sur le site Vercel,C:\DATA-MC-2030\97IMPORT\97import2026_siteweb\images\houses\modular_standard\exterior_5.jpeg,199894,2026-04-04 19:53:05,,,,
❌ Manquant sur le site Vercel,C:\DATA-MC-2030\97IMPORT\97import2026_siteweb\images\houses\modular_standard\exterior_6.jpeg,191090,2026-04-04 19:53:05,,,,
❌ Manquant sur le site Vercel,C:\DATA-MC-2030\97IMPORT\97import2026_siteweb\images\houses\modular_standard\exterior_7.jpeg,193806,2026-04-04 19:53:05,,,,
❌ Manquant sur le site Vercel,C:\DATA-MC-2030\97IMPORT\97import2026_siteweb\images\houses\modular_standard\video_1.mp4,3699264,2026-04-04 19:47:03,,,,
❌ Manquant sur le site Vercel,C:\DATA-MC-2030\97IMPORT\97import2026_siteweb\images\houses\modular_standard\video_2.mp4,15909716,2026-04-04 19:47:03,,,,
❌ Manquant sur le site Vercel,C:\DATA-MC-2030\97IMPORT\97import2026_siteweb\images\houses\modular_standard\video_3.mp4,14016412,2026-04-04 19:47:07,,,,
❌ Manquant sur le site Vercel,C:\DATA-MC-2030\97IMPORT\97import2026_siteweb\images\logos\direxport_logo_blue.png,1529,2026-04-04 19:52:50,,,,
❌ Manquant sur le site Vercel,C:\DATA-MC-2030\97IMPORT\97import2026_siteweb\images\logos\logo_import97.png,100101,2026-04-04 19:52:52,,,,
❌ Manquant sur le site Vercel,C:\DATA-MC-2030\97IMPORT\97import2026_siteweb\images\logos\logo_import97_footer.png,84059,2026-04-04 19:52:51,,,,
❌ Manquant sur le site Vercel,C:\DATA-MC-2030\97IMPORT\97import2026_siteweb\images\logos\logo_import97_footer_transparent.png,122769,2026-04-04 19:52:52,,,,
❌ Manquant sur le site Vercel,C:\DATA-MC-2030\97IMPORT\97import2026_siteweb\images\logos\logo_import97_large.png,150200,2026-04-04 19:52:52,,,,
❌ Manquant sur le site Vercel,C:\DATA-MC-2030\97IMPORT\97import2026_siteweb\images\logos\logo_rippa_domtom_transparent.png,18977,2026-04-04 19:52:52,,,,
❌ Manquant sur le site Vercel,C:\DATA-MC-2030\97IMPORT\97import2026_siteweb\images\logos\logo_rippa_new.png,107332,2026-04-04 19:52:53,,,,
❌ Manquant sur le site Vercel,C:\DATA-MC-2030\97IMPORT\97import2026_siteweb\images\logos\rippa-dom-tom-white.png,116183,2026-04-04 19:53:21,,,,
❌ Manquant sur le site Vercel,C:\DATA-MC-2030\97IMPORT\97import2026_siteweb\images\logos\rippa_dom_tom.svg,3267,2026-04-04 19:46:57,,,,
❌ Manquant sur le site Vercel,C:\DATA-MC-2030\97IMPORT\97import2026_siteweb\images\logos\rippa_logo.webp,48490,2026-04-04 19:46:57,,,,
❌ Manquant sur le site Vercel,C:\DATA-MC-2030\97IMPORT\97import2026_siteweb\images\portal\agri_tractor.jpeg,193806,2026-04-04 19:52:53,,,,
❌ Manquant sur le site Vercel,C:\DATA-MC-2030\97IMPORT\97import2026_siteweb\images\portal\agri_tractor.jpg,54560,2026-04-04 19:52:53,,,,
❌ Manquant sur le site Vercel,C:\DATA-MC-2030\97IMPORT\97import2026_siteweb\images\portal\camping_car.jpg,311159,2026-04-04 19:52:53,,,,
❌ Manquant sur le site Vercel,C:\DATA-MC-2030\97IMPORT\97import2026_siteweb\images\portal\camping_car.png,655538,2026-04-04 19:52:54,,,,
❌ Manquant sur le site Vercel,C:\DATA-MC-2030\97IMPORT\97import2026_siteweb\images\portal\hero_ship.png,1087282,2026-04-04 19:52:54,,,,
❌ Manquant sur le site Vercel,C:\DATA-MC-2030\97IMPORT\97import2026_siteweb\images\portal\modular_home.png,1429445,2026-04-04 19:52:55,,,,
❌ Manquant sur le site Vercel,C:\DATA-MC-2030\97IMPORT\97import2026_siteweb\images\portal\modular_home.webp,314936,2026-04-04 19:47:02,,,,
❌ Manquant sur le site Vercel,C:\DATA-MC-2030\97IMPORT\97import2026_siteweb\images\portal\solar_panel.jpg,411370,2026-04-04 19:52:55,,,,
❌ Manquant sur le site Vercel,C:\DATA-MC-2030\97IMPORT\97import2026_siteweb\images\portal\solar_panel_jinko.png,336832,2026-04-04 19:52:56,,,,
❌ Manquant sur le site Vercel,C:\DATA-MC-2030\97IMPORT\97import2026_siteweb\images\portal\solar_roof.jpg,129835,2026-04-04 19:52:56,,,,
❌ Manquant sur le site Vercel,C:\DATA-MC-2030\97IMPORT\97import2026_siteweb\images\products\r10_eco_main.png,505988,2026-04-04 19:53:08,,,,
❌ Manquant sur le site Vercel,C:\DATA-MC-2030\97IMPORT\97import2026_siteweb\images\products\r10_eco_main.webp,315370,2026-04-04 19:47:00,,,,
❌ Manquant sur le site Vercel,C:\DATA-MC-2030\97IMPORT\97import2026_siteweb\images\products\r13_pro.png,20019,2026-04-04 19:53:09,,,,
❌ Manquant sur le site Vercel,C:\DATA-MC-2030\97IMPORT\97import2026_siteweb\images\products\r13_pro.webp,11348,2026-04-04 19:47:00,,,,
❌ Manquant sur le site Vercel,C:\DATA-MC-2030\97IMPORT\97import2026_siteweb\images\products\r15_eco.png,20019,2026-04-04 19:53:09,,,,
❌ Manquant sur le site Vercel,C:\DATA-MC-2030\97IMPORT\97import2026_siteweb\images\products\r15_eco.webp,11348,2026-04-04 19:47:00,,,,
❌ Manquant sur le site Vercel,C:\DATA-MC-2030\97IMPORT\97import2026_siteweb\images\products\r18_pro.png,152128,2026-04-04 19:53:09,,,,
❌ Manquant sur le site Vercel,C:\DATA-MC-2030\97IMPORT\97import2026_siteweb\images\products\r18_pro.webp,94064,2026-04-04 19:47:00,,,,
❌ Manquant sur le site Vercel,C:\DATA-MC-2030\97IMPORT\97import2026_siteweb\images\products\r22_pro.png,154410,2026-04-04 19:53:12,,,,
❌ Manquant sur le site Vercel,C:\DATA-MC-2030\97IMPORT\97import2026_siteweb\images\products\r22_pro.webp,95840,2026-04-04 19:47:00,,,,
❌ Manquant sur le site Vercel,C:\DATA-MC-2030\97IMPORT\97import2026_siteweb\images\products\r22_pro_main.png,481348,2026-04-04 19:53:15,,,,
❌ Manquant sur le site Vercel,C:\DATA-MC-2030\97IMPORT\97import2026_siteweb\images\products\r22_pro_main.webp,307638,2026-04-04 19:47:00,,,,
❌ Manquant sur le site Vercel,C:\DATA-MC-2030\97IMPORT\97import2026_siteweb\images\products\r32_pro.png,147878,2026-04-04 19:53:16,,,,
❌ Manquant sur le site Vercel,C:\DATA-MC-2030\97IMPORT\97import2026_siteweb\images\products\r32_pro.webp,94134,2026-04-04 19:47:00,,,,
❌ Manquant sur le site Vercel,C:\DATA-MC-2030\97IMPORT\97import2026_siteweb\images\products\r18_pro\r18_pro_cab_view.png,267084,2026-04-04 19:53:10,,,,
❌ Manquant sur le site Vercel,C:\DATA-MC-2030\97IMPORT\97import2026_siteweb\images\products\r18_pro\r18_pro_cab_view.webp,165584,2026-04-04 19:47:00,,,,
❌ Manquant sur le site Vercel,C:\DATA-MC-2030\97IMPORT\97import2026_siteweb\images\products\r18_pro\r18_pro_main_view.png,481200,2026-04-04 19:53:10,,,,
❌ Manquant sur le site Vercel,C:\DATA-MC-2030\97IMPORT\97import2026_siteweb\images\products\r18_pro\r18_pro_main_view.webp,296496,2026-04-04 19:47:00,,,,
❌ Manquant sur le site Vercel,C:\DATA-MC-2030\97IMPORT\97import2026_siteweb\images\products\r18_pro\r18_pro_rear_view.png,1035968,2026-04-04 19:53:11,,,,
❌ Manquant sur le site Vercel,C:\DATA-MC-2030\97IMPORT\97import2026_siteweb\images\products\r18_pro\r18_pro_rear_view.webp,587626,2026-04-04 19:47:00,,,,
❌ Manquant sur le site Vercel,C:\DATA-MC-2030\97IMPORT\97import2026_siteweb\images\products\r18_pro\r18_pro_side_view.png,1054352,2026-04-04 19:53:12,,,,
❌ Manquant sur le site Vercel,C:\DATA-MC-2030\97IMPORT\97import2026_siteweb\images\products\r18_pro\r18_pro_side_view.webp,595472,2026-04-04 19:47:00,,,,
❌ Manquant sur le site Vercel,C:\DATA-MC-2030\97IMPORT\97import2026_siteweb\images\products\r22_pro\r22_pro_cab_view.png,241670,2026-04-04 19:53:13,,,,
❌ Manquant sur le site Vercel,C:\DATA-MC-2030\97IMPORT\97import2026_siteweb\images\products\r22_pro\r22_pro_cab_view.webp,151484,2026-04-04 19:47:00,,,,
❌ Manquant sur le site Vercel,C:\DATA-MC-2030\97IMPORT\97import2026_siteweb\images\products\r22_pro\r22_pro_main_view.png,481348,2026-04-04 19:53:13,,,,
❌ Manquant sur le site Vercel,C:\DATA-MC-2030\97IMPORT\97import2026_siteweb\images\products\r22_pro\r22_pro_main_view.webp,307638,2026-04-04 19:47:00,,,,
❌ Manquant sur le site Vercel,C:\DATA-MC-2030\97IMPORT\97import2026_siteweb\images\products\r22_pro\r22_pro_rear_view.png,1048122,2026-04-04 19:53:14,,,,
❌ Manquant sur le site Vercel,C:\DATA-MC-2030\97IMPORT\97import2026_siteweb\images\products\r22_pro\r22_pro_rear_view.webp,616010,2026-04-04 19:47:00,,,,
❌ Manquant sur le site Vercel,C:\DATA-MC-2030\97IMPORT\97import2026_siteweb\images\products\r22_pro\r22_pro_side_view.png,1059056,2026-04-04 19:53:15,,,,
❌ Manquant sur le site Vercel,C:\DATA-MC-2030\97IMPORT\97import2026_siteweb\images\products\r22_pro\r22_pro_side_view.webp,621110,2026-04-04 19:47:00,,,,
❌ Manquant sur le site Vercel,C:\DATA-MC-2030\97IMPORT\97import2026_siteweb\images\products\r32_pro\r32_pro_cab_view.png,219701,2026-04-04 19:53:17,,,,
❌ Manquant sur le site Vercel,C:\DATA-MC-2030\97IMPORT\97import2026_siteweb\images\products\r32_pro\r32_pro_cab_view.webp,136010,2026-04-04 19:47:00,,,,
❌ Manquant sur le site Vercel,C:\DATA-MC-2030\97IMPORT\97import2026_siteweb\images\products\r32_pro\r32_pro_main_view.png,473034,2026-04-04 19:53:17,,,,
❌ Manquant sur le site Vercel,C:\DATA-MC-2030\97IMPORT\97import2026_siteweb\images\products\r32_pro\r32_pro_main_view.webp,310594,2026-04-04 19:47:00,,,,
❌ Manquant sur le site Vercel,C:\DATA-MC-2030\97IMPORT\97import2026_siteweb\images\products\r32_pro\r32_pro_rear_view.png,935342,2026-04-04 19:53:18,,,,
❌ Manquant sur le site Vercel,C:\DATA-MC-2030\97IMPORT\97import2026_siteweb\images\products\r32_pro\r32_pro_rear_view.webp,550754,2026-04-04 19:47:00,,,,
❌ Manquant sur le site Vercel,C:\DATA-MC-2030\97IMPORT\97import2026_siteweb\images\products\r32_pro\r32_pro_side_view.png,1046764,2026-04-04 19:53:18,,,,
❌ Manquant sur le site Vercel,C:\DATA-MC-2030\97IMPORT\97import2026_siteweb\images\products\r32_pro\r32_pro_side_view.webp,609336,2026-04-04 19:47:00,,,,
❌ Manquant sur le site Vercel,C:\DATA-MC-2030\97IMPORT\97import2026_siteweb\images\products\r57_pro\r57_pro_main_view.png,211748,2026-04-04 19:53:19,,,,
❌ Manquant sur le site Vercel,C:\DATA-MC-2030\97IMPORT\97import2026_siteweb\images\products\solar_kits\battery_lifepo4.png,187759,2026-04-04 19:53:19,,,,
❌ Manquant sur le site Vercel,C:\DATA-MC-2030\97IMPORT\97import2026_siteweb\images\products\solar_kits\deye_inverter.png,52007,2026-04-04 19:53:20,,,,
❌ Manquant sur le site Vercel,C:\DATA-MC-2030\97IMPORT\97import2026_siteweb\images\products\solar_kits\jinko_600w_bifacial.webp,22582,2026-04-04 19:47:00,,,,
❌ Manquant sur le site Vercel,C:\DATA-MC-2030\97IMPORT\97import2026_siteweb\images\products\solar_kits\jinko_installation_toiture.webp,60678,2026-04-04 19:47:00,,,,
❌ Manquant sur le site Vercel,C:\DATA-MC-2030\97IMPORT\97import2026_siteweb\images\products\solar_kits\jinko_panels_pair.webp,20226,2026-04-04 19:47:00,,,,
❌ Manquant sur le site Vercel,C:\DATA-MC-2030\97IMPORT\97import2026_siteweb\images\products\solar_kits\jinko_panel_layers.png,240921,2026-04-04 19:53:20,,,,
❌ Manquant sur le site Vercel,C:\DATA-MC-2030\97IMPORT\97import2026_siteweb\images\products\solar_kits\jinko_tiger_neo_fiche.webp,17506,2026-04-04 19:47:00,,,,
❌ Manquant sur le site Vercel,C:\DATA-MC-2030\97IMPORT\97import2026_siteweb\images\products\solar_kits\jinko_warehouse_stock.webp,71756,2026-04-04 19:47:00,,,,
❌ Manquant sur le site Vercel,C:\DATA-MC-2030\97IMPORT\97import2026_siteweb\images\products\solar_kits\solar_cables.png,501223,2026-04-04 19:53:21,,,,
❌ Manquant sur le site Vercel,C:\DATA-MC-2030\97IMPORT\97import2026_siteweb\images\solar\battery_6fm250.webp,209908,2026-04-04 19:47:02,,,,
❌ Manquant sur le site Vercel,C:\DATA-MC-2030\97IMPORT\97import2026_siteweb\images\solar\deye_inverter.webp,26026,2026-04-04 19:47:02,,,,
❌ Manquant sur le site Vercel,C:\DATA-MC-2030\97IMPORT\97import2026_siteweb\images\solar\jinko_600w_tiger_neo.jpg,22582,2026-04-04 19:53:22,,,,
❌ Manquant sur le site Vercel,C:\DATA-MC-2030\97IMPORT\97import2026_siteweb\images\solar\jinko_truck_delivery.jpg,113238,2026-04-04 19:53:22,,,,
❌ Manquant sur le site Vercel,C:\DATA-MC-2030\97IMPORT\97import2026_siteweb\images\solar\jinko_warehouse.jpg,71756,2026-04-04 19:53:23,,,,
❌ Manquant sur le site Vercel,C:\DATA-MC-2030\97IMPORT\97import2026_siteweb\images\solar\kit_overview.webp,42414,2026-04-04 19:47:02,,,,
❌ Manquant sur le site Vercel,C:\DATA-MC-2030\97IMPORT\97import2026_siteweb\images\solar\mounting_structure.webp,59394,2026-04-04 19:47:02,,,,
❌ Manquant sur le site Vercel,C:\DATA-MC-2030\97IMPORT\97import2026_siteweb\images\solar\panel_detail.webp,102046,2026-04-04 19:47:02,,,,
❌ Manquant sur le site Vercel,C:\DATA-MC-2030\97IMPORT\97import2026_siteweb\images\solar\solar_cables.webp,306396,2026-04-04 19:47:02,,,,
❌ Manquant sur le site Vercel,C:\DATA-MC-2030\97IMPORT\97import2026_siteweb\images\solar\solar_installations.jpg,60678,2026-04-04 19:53:24,,,,
❌ Manquant sur le site Vercel,C:\DATA-MC-2030\97IMPORT\97import2026_siteweb\vercel\docs\fiche_technique_maison_modulaire.pdf,5586,2026-04-04 19:52:43,,,,
❌ Manquant sur le site Vercel,C:\DATA-MC-2030\97IMPORT\97import2026_siteweb\vercel\documents\r18_pro_fiche_technique.pdf,315334,2026-04-04 19:52:43,,,,
❌ Manquant sur le site Vercel,C:\DATA-MC-2030\97IMPORT\97import2026_siteweb\vercel\documents\r22_pro_fiche_technique.pdf,318461,2026-04-04 19:52:44,,,,
❌ Manquant sur le site Vercel,C:\DATA-MC-2030\97IMPORT\97import2026_siteweb\vercel\documents\r32_pro_fiche_technique.pdf,325745,2026-04-04 19:52:44,,,,
❌ Manquant sur le site Vercel,C:\DATA-MC-2030\97IMPORT\97import2026_siteweb\vercel\documents\r57_pro_fiche_technique.pdf,27922,2026-04-04 19:52:44,,,,
❌ Manquant sur le site Vercel,C:\DATA-MC-2030\97IMPORT\97import2026_siteweb\vercel\images\direxport_logo_blue.png,1529,2026-04-04 19:52:50,,,,
❌ Manquant sur le site Vercel,C:\DATA-MC-2030\97IMPORT\97import2026_siteweb\vercel\images\logo_import97.png,100101,2026-04-04 19:52:52,,,,
❌ Manquant sur le site Vercel,C:\DATA-MC-2030\97IMPORT\97import2026_siteweb\vercel\images\logo_import97_footer_transparent.png,122769,2026-04-04 19:52:52,,,,
❌ Manquant sur le site Vercel,C:\DATA-MC-2030\97IMPORT\97import2026_siteweb\vercel\images\logo_import97_large.png,150200,2026-04-04 19:52:52,,,,
❌ Manquant sur le site Vercel,C:\DATA-MC-2030\97IMPORT\97import2026_siteweb\vercel\images\logo_rippa_domtom_transparent.png,18977,2026-04-04 19:52:52,,,,
❌ Manquant sur le site Vercel,C:\DATA-MC-2030\97IMPORT\97import2026_siteweb\vercel\images\logo_rippa_new.png,107332,2026-04-04 19:52:53,,,,
❌ Manquant sur le site Vercel,C:\DATA-MC-2030\97IMPORT\97import2026_siteweb\vercel\images\rippa-dom-tom-white.png,116183,2026-04-04 19:53:21,,,,
❌ Manquant sur le site Vercel,C:\DATA-MC-2030\97IMPORT\97import2026_siteweb\vercel\images\accessories\auger_r18.jpeg,15210,2026-04-04 19:52:44,,,,
❌ Manquant sur le site Vercel,C:\DATA-MC-2030\97IMPORT\97import2026_siteweb\vercel\images\accessories\auger_r18.webp,39188,2026-04-04 19:52:44,,,,
❌ Manquant sur le site Vercel,C:\DATA-MC-2030\97IMPORT\97import2026_siteweb\vercel\images\accessories\flat_bucket_r18.jpeg,12636,2026-04-04 19:52:45,,,,
❌ Manquant sur le site Vercel,C:\DATA-MC-2030\97IMPORT\97import2026_siteweb\vercel\images\accessories\flat_bucket_r18.webp,35552,2026-04-04 19:52:45,,,,
❌ Manquant sur le site Vercel,C:\DATA-MC-2030\97IMPORT\97import2026_siteweb\vercel\images\accessories\fourche.jpeg,15210,2026-04-04 19:52:45,,,,
❌ Manquant sur le site Vercel,C:\DATA-MC-2030\97IMPORT\97import2026_siteweb\vercel\images\accessories\fourche.webp,39188,2026-04-04 19:52:45,,,,
❌ Manquant sur le site Vercel,C:\DATA-MC-2030\97IMPORT\97import2026_siteweb\vercel\images\accessories\godet_cribleur.png,19712,2026-04-04 19:52:45,,,,
❌ Manquant sur le site Vercel,C:\DATA-MC-2030\97IMPORT\97import2026_siteweb\vercel\images\accessories\godet_cribleur.webp,11848,2026-04-04 19:52:45,,,,
❌ Manquant sur le site Vercel,C:\DATA-MC-2030\97IMPORT\97import2026_siteweb\vercel\images\accessories\godet_dents.png,22602,2026-04-04 19:52:46,,,,
❌ Manquant sur le site Vercel,C:\DATA-MC-2030\97IMPORT\97import2026_siteweb\vercel\images\accessories\godet_dents.webp,13568,2026-04-04 19:52:46,,,,
❌ Manquant sur le site Vercel,C:\DATA-MC-2030\97IMPORT\97import2026_siteweb\vercel\images\accessories\godet_inclinable.jpeg,15210,2026-04-04 19:52:46,,,,
❌ Manquant sur le site Vercel,C:\DATA-MC-2030\97IMPORT\97import2026_siteweb\vercel\images\accessories\godet_inclinable.webp,39188,2026-04-04 19:52:46,,,,
❌ Manquant sur le site Vercel,C:\DATA-MC-2030\97IMPORT\97import2026_siteweb\vercel\images\accessories\godet_lisse.jpeg,15210,2026-04-04 19:52:47,,,,
❌ Manquant sur le site Vercel,C:\DATA-MC-2030\97IMPORT\97import2026_siteweb\vercel\images\accessories\godet_lisse.webp,39188,2026-04-04 19:52:47,,,,
❌ Manquant sur le site Vercel,C:\DATA-MC-2030\97IMPORT\97import2026_siteweb\vercel\images\accessories\grappin.jpeg,15210,2026-04-04 19:52:47,,,,
❌ Manquant sur le site Vercel,C:\DATA-MC-2030\97IMPORT\97import2026_siteweb\vercel\images\accessories\grappin.webp,39188,2026-04-04 19:52:47,,,,
❌ Manquant sur le site Vercel,C:\DATA-MC-2030\97IMPORT\97import2026_siteweb\vercel\images\accessories\grapple_r18.jpeg,14770,2026-04-04 19:52:47,,,,
❌ Manquant sur le site Vercel,C:\DATA-MC-2030\97IMPORT\97import2026_siteweb\vercel\images\accessories\grapple_r18.webp,44190,2026-04-04 19:52:48,,,,
❌ Manquant sur le site Vercel,C:\DATA-MC-2030\97IMPORT\97import2026_siteweb\vercel\images\accessories\hydraulic_hammer_r18.jpeg,15095,2026-04-04 19:52:48,,,,
❌ Manquant sur le site Vercel,C:\DATA-MC-2030\97IMPORT\97import2026_siteweb\vercel\images\accessories\hydraulic_hammer_r18.webp,38840,2026-04-04 19:52:48,,,,
❌ Manquant sur le site Vercel,C:\DATA-MC-2030\97IMPORT\97import2026_siteweb\vercel\images\accessories\marteau_hydraulique.png,19491,2026-04-04 19:52:48,,,,
❌ Manquant sur le site Vercel,C:\DATA-MC-2030\97IMPORT\97import2026_siteweb\vercel\images\accessories\marteau_hydraulique.webp,11700,2026-04-04 19:52:48,,,,
❌ Manquant sur le site Vercel,C:\DATA-MC-2030\97IMPORT\97import2026_siteweb\vercel\images\accessories\rake_r18.jpeg,15593,2026-04-04 19:52:49,,,,
❌ Manquant sur le site Vercel,C:\DATA-MC-2030\97IMPORT\97import2026_siteweb\vercel\images\accessories\rake_r18.webp,40346,2026-04-04 19:52:49,,,,
❌ Manquant sur le site Vercel,C:\DATA-MC-2030\97IMPORT\97import2026_siteweb\vercel\images\accessories\ripper_r18.jpeg,9464,2026-04-04 19:52:49,,,,
❌ Manquant sur le site Vercel,C:\DATA-MC-2030\97IMPORT\97import2026_siteweb\vercel\images\accessories\ripper_r18.webp,23990,2026-04-04 19:52:49,,,,
❌ Manquant sur le site Vercel,C:\DATA-MC-2030\97IMPORT\97import2026_siteweb\vercel\images\accessories\tariere.jpeg,15210,2026-04-04 19:52:49,,,,
❌ Manquant sur le site Vercel,C:\DATA-MC-2030\97IMPORT\97import2026_siteweb\vercel\images\accessories\tariere.webp,39188,2026-04-04 19:52:49,,,,
❌ Manquant sur le site Vercel,C:\DATA-MC-2030\97IMPORT\97import2026_siteweb\vercel\images\accessories\tilt_bucket_r18.jpeg,15268,2026-04-04 19:52:50,,,,
❌ Manquant sur le site Vercel,C:\DATA-MC-2030\97IMPORT\97import2026_siteweb\vercel\images\accessories\tilt_bucket_r18.webp,46726,2026-04-04 19:52:50,,,,
❌ Manquant sur le site Vercel,C:\DATA-MC-2030\97IMPORT\97import2026_siteweb\vercel\images\accessories\tooth_bucket_r18.jpeg,13604,2026-04-04 19:52:50,,,,
❌ Manquant sur le site Vercel,C:\DATA-MC-2030\97IMPORT\97import2026_siteweb\vercel\images\accessories\tooth_bucket_r18.webp,38234,2026-04-04 19:52:50,,,,
❌ Manquant sur le site Vercel,C:\DATA-MC-2030\97IMPORT\97import2026_siteweb\vercel\images\logo\logo_import97_footer.png,84059,2026-04-04 19:52:51,,,,
❌ Manquant sur le site Vercel,C:\DATA-MC-2030\97IMPORT\97import2026_siteweb\vercel\images\logo\rippa_dom_tom.svg,3267,2026-04-04 19:52:51,,,,
❌ Manquant sur le site Vercel,C:\DATA-MC-2030\97IMPORT\97import2026_siteweb\vercel\images\logo\rippa_logo.webp,48490,2026-04-04 19:52:52,,,,
❌ Manquant sur le site Vercel,C:\DATA-MC-2030\97IMPORT\97import2026_siteweb\vercel\images\portal\agri_tractor.jpeg,193806,2026-04-04 19:52:53,,,,
❌ Manquant sur le site Vercel,C:\DATA-MC-2030\97IMPORT\97import2026_siteweb\vercel\images\portal\agri_tractor.jpg,54560,2026-04-04 19:52:53,,,,
❌ Manquant sur le site Vercel,C:\DATA-MC-2030\97IMPORT\97import2026_siteweb\vercel\images\portal\camping_car.jpg,311159,2026-04-04 19:52:53,,,,
❌ Manquant sur le site Vercel,C:\DATA-MC-2030\97IMPORT\97import2026_siteweb\vercel\images\portal\camping_car.png,655538,2026-04-04 19:52:54,,,,
❌ Manquant sur le site Vercel,C:\DATA-MC-2030\97IMPORT\97import2026_siteweb\vercel\images\portal\hero_ship.png,1087282,2026-04-04 19:52:54,,,,
❌ Manquant sur le site Vercel,C:\DATA-MC-2030\97IMPORT\97import2026_siteweb\vercel\images\portal\modular_home.png,1429445,2026-04-04 19:52:55,,,,
❌ Manquant sur le site Vercel,C:\DATA-MC-2030\97IMPORT\97import2026_siteweb\vercel\images\portal\modular_home.webp,314936,2026-04-04 19:52:55,,,,
❌ Manquant sur le site Vercel,C:\DATA-MC-2030\97IMPORT\97import2026_siteweb\vercel\images\portal\solar_panel.jpg,411370,2026-04-04 19:52:55,,,,
❌ Manquant sur le site Vercel,C:\DATA-MC-2030\97IMPORT\97import2026_siteweb\vercel\images\portal\solar_panel_jinko.png,336832,2026-04-04 19:52:56,,,,
❌ Manquant sur le site Vercel,C:\DATA-MC-2030\97IMPORT\97import2026_siteweb\vercel\images\portal\solar_roof.jpg,129835,2026-04-04 19:52:56,,,,
❌ Manquant sur le site Vercel,C:\DATA-MC-2030\97IMPORT\97import2026_siteweb\vercel\images\products\r10_eco_main.png,505988,2026-04-04 19:53:08,,,,
❌ Manquant sur le site Vercel,C:\DATA-MC-2030\97IMPORT\97import2026_siteweb\vercel\images\products\r10_eco_main.webp,315370,2026-04-04 19:53:08,,,,
❌ Manquant sur le site Vercel,C:\DATA-MC-2030\97IMPORT\97import2026_siteweb\vercel\images\products\r13_pro.png,20019,2026-04-04 19:53:09,,,,
❌ Manquant sur le site Vercel,C:\DATA-MC-2030\97IMPORT\97import2026_siteweb\vercel\images\products\r13_pro.webp,11348,2026-04-04 19:53:09,,,,
❌ Manquant sur le site Vercel,C:\DATA-MC-2030\97IMPORT\97import2026_siteweb\vercel\images\products\r15_eco.png,20019,2026-04-04 19:53:09,,,,
❌ Manquant sur le site Vercel,C:\DATA-MC-2030\97IMPORT\97import2026_siteweb\vercel\images\products\r15_eco.webp,11348,2026-04-04 19:53:09,,,,
❌ Manquant sur le site Vercel,C:\DATA-MC-2030\97IMPORT\97import2026_siteweb\vercel\images\products\r18_pro.png,152128,2026-04-04 19:53:09,,,,
❌ Manquant sur le site Vercel,C:\DATA-MC-2030\97IMPORT\97import2026_siteweb\vercel\images\products\r18_pro.webp,94064,2026-04-04 19:53:10,,,,
❌ Manquant sur le site Vercel,C:\DATA-MC-2030\97IMPORT\97import2026_siteweb\vercel\images\products\r22_pro.png,154410,2026-04-04 19:53:12,,,,
❌ Manquant sur le site Vercel,C:\DATA-MC-2030\97IMPORT\97import2026_siteweb\vercel\images\products\r22_pro.webp,95840,2026-04-04 19:53:12,,,,
❌ Manquant sur le site Vercel,C:\DATA-MC-2030\97IMPORT\97import2026_siteweb\vercel\images\products\r22_pro_main.png,481348,2026-04-04 19:53:15,,,,
❌ Manquant sur le site Vercel,C:\DATA-MC-2030\97IMPORT\97import2026_siteweb\vercel\images\products\r22_pro_main.webp,307638,2026-04-04 19:53:16,,,,
❌ Manquant sur le site Vercel,C:\DATA-MC-2030\97IMPORT\97import2026_siteweb\vercel\images\products\r32_pro.png,147878,2026-04-04 19:53:16,,,,
❌ Manquant sur le site Vercel,C:\DATA-MC-2030\97IMPORT\97import2026_siteweb\vercel\images\products\r32_pro.webp,94134,2026-04-04 19:53:16,,,,
❌ Manquant sur le site Vercel,C:\DATA-MC-2030\97IMPORT\97import2026_siteweb\vercel\images\products\camping_car\bathroom.jpg,169068,2026-04-04 19:52:56,,,,
❌ Manquant sur le site Vercel,C:\DATA-MC-2030\97IMPORT\97import2026_siteweb\vercel\images\products\camping_car\bedroom.jpg,282151,2026-04-04 19:52:57,,,,
❌ Manquant sur le site Vercel,C:\DATA-MC-2030\97IMPORT\97import2026_siteweb\vercel\images\products\camping_car\dining_area.jpg,297165,2026-04-04 19:52:57,,,,
❌ Manquant sur le site Vercel,C:\DATA-MC-2030\97IMPORT\97import2026_siteweb\vercel\images\products\camping_car\exterior_back.jpg,266225,2026-04-04 19:52:57,,,,
❌ Manquant sur le site Vercel,C:\DATA-MC-2030\97IMPORT\97import2026_siteweb\vercel\images\products\camping_car\exterior_front_side.jpg,270887,2026-04-04 19:52:57,,,,
❌ Manquant sur le site Vercel,C:\DATA-MC-2030\97IMPORT\97import2026_siteweb\vercel\images\products\camping_car\exterior_main.webp,23808,2026-04-04 19:52:58,,,,
❌ Manquant sur le site Vercel,C:\DATA-MC-2030\97IMPORT\97import2026_siteweb\vercel\images\products\camping_car\exterior_side.jpg,203618,2026-04-04 19:52:58,,,,
❌ Manquant sur le site Vercel,C:\DATA-MC-2030\97IMPORT\97import2026_siteweb\vercel\images\products\camping_car\interior_living.jpg,250186,2026-04-04 19:52:58,,,,
❌ Manquant sur le site Vercel,C:\DATA-MC-2030\97IMPORT\97import2026_siteweb\vercel\images\products\camping_car\interior_overview.jpg,290082,2026-04-04 19:52:59,,,,
❌ Manquant sur le site Vercel,C:\DATA-MC-2030\97IMPORT\97import2026_siteweb\vercel\images\products\camping_car\kitchen.jpg,252603,2026-04-04 19:52:59,,,,
❌ Manquant sur le site Vercel,C:\DATA-MC-2030\97IMPORT\97import2026_siteweb\vercel\images\products\camping_car\laundry.jpg,244161,2026-04-04 19:52:59,,,,
❌ Manquant sur le site Vercel,C:\DATA-MC-2030\97IMPORT\97import2026_siteweb\vercel\images\products\camping_car\video_tour.mp4,13812784,2026-04-04 19:53:00,,,,
❌ Manquant sur le site Vercel,C:\DATA-MC-2030\97IMPORT\97import2026_siteweb\vercel\images\products\modular_premium\exterior_1.jpg,249609,2026-04-04 19:53:00,,,,
❌ Manquant sur le site Vercel,C:\DATA-MC-2030\97IMPORT\97import2026_siteweb\vercel\images\products\modular_premium\exterior_2.jpg,196171,2026-04-04 19:53:01,,,,
❌ Manquant sur le site Vercel,C:\DATA-MC-2030\97IMPORT\97import2026_siteweb\vercel\images\products\modular_premium\exterior_3.jpg,2706041,2026-04-04 19:53:01,,,,
❌ Manquant sur le site Vercel,C:\DATA-MC-2030\97IMPORT\97import2026_siteweb\vercel\images\products\modular_premium\exterior_4.jpg,310526,2026-04-04 19:53:01,,,,
❌ Manquant sur le site Vercel,C:\DATA-MC-2030\97IMPORT\97import2026_siteweb\vercel\images\products\modular_premium\video_1.mp4,10938624,2026-04-04 19:53:02,,,,
❌ Manquant sur le site Vercel,C:\DATA-MC-2030\97IMPORT\97import2026_siteweb\vercel\images\products\modular_premium\video_2.mp4,30366314,2026-04-04 19:53:03,,,,
❌ Manquant sur le site Vercel,C:\DATA-MC-2030\97IMPORT\97import2026_siteweb\vercel\images\products\modular_standard\exterior_1.jpeg,113114,2026-04-04 19:53:03,,,,
❌ Manquant sur le site Vercel,C:\DATA-MC-2030\97IMPORT\97import2026_siteweb\vercel\images\products\modular_standard\exterior_2.jpeg,95878,2026-04-04 19:53:04,,,,
❌ Manquant sur le site Vercel,C:\DATA-MC-2030\97IMPORT\97import2026_siteweb\vercel\images\products\modular_standard\exterior_3.jpeg,221845,2026-04-04 19:53:04,,,,
❌ Manquant sur le site Vercel,C:\DATA-MC-2030\97IMPORT\97import2026_siteweb\vercel\images\products\modular_standard\exterior_4.jpeg,77030,2026-04-04 19:53:04,,,,
❌ Manquant sur le site Vercel,C:\DATA-MC-2030\97IMPORT\97import2026_siteweb\vercel\images\products\modular_standard\exterior_5.jpeg,199894,2026-04-04 19:53:05,,,,
❌ Manquant sur le site Vercel,C:\DATA-MC-2030\97IMPORT\97import2026_siteweb\vercel\images\products\modular_standard\exterior_6.jpeg,191090,2026-04-04 19:53:05,,,,
❌ Manquant sur le site Vercel,C:\DATA-MC-2030\97IMPORT\97import2026_siteweb\vercel\images\products\modular_standard\exterior_7.jpeg,193806,2026-04-04 19:53:05,,,,
❌ Manquant sur le site Vercel,C:\DATA-MC-2030\97IMPORT\97import2026_siteweb\vercel\images\products\modular_standard\video_1.mp4,3699264,2026-04-04 19:53:05,,,,
❌ Manquant sur le site Vercel,C:\DATA-MC-2030\97IMPORT\97import2026_siteweb\vercel\images\products\modular_standard\video_2.mp4,15909716,2026-04-04 19:53:06,,,,
❌ Manquant sur le site Vercel,C:\DATA-MC-2030\97IMPORT\97import2026_siteweb\vercel\images\products\modular_standard\video_3.mp4,14016412,2026-04-04 19:53:07,,,,
❌ Manquant sur le site Vercel,C:\DATA-MC-2030\97IMPORT\97import2026_siteweb\vercel\images\products\r18_pro\r18_pro_cab_view.png,267084,2026-04-04 19:53:10,,,,
❌ Manquant sur le site Vercel,C:\DATA-MC-2030\97IMPORT\97import2026_siteweb\vercel\images\products\r18_pro\r18_pro_cab_view.webp,165584,2026-04-04 19:53:10,,,,
❌ Manquant sur le site Vercel,C:\DATA-MC-2030\97IMPORT\97import2026_siteweb\vercel\images\products\r18_pro\r18_pro_main_view.png,481200,2026-04-04 19:53:10,,,,
❌ Manquant sur le site Vercel,C:\DATA-MC-2030\97IMPORT\97import2026_siteweb\vercel\images\products\r18_pro\r18_pro_main_view.webp,296496,2026-04-04 19:53:11,,,,
❌ Manquant sur le site Vercel,C:\DATA-MC-2030\97IMPORT\97import2026_siteweb\vercel\images\products\r18_pro\r18_pro_rear_view.png,1035968,2026-04-04 19:53:11,,,,
❌ Manquant sur le site Vercel,C:\DATA-MC-2030\97IMPORT\97import2026_siteweb\vercel\images\products\r18_pro\r18_pro_rear_view.webp,587626,2026-04-04 19:53:11,,,,
❌ Manquant sur le site Vercel,C:\DATA-MC-2030\97IMPORT\97import2026_siteweb\vercel\images\products\r18_pro\r18_pro_side_view.png,1054352,2026-04-04 19:53:12,,,,
❌ Manquant sur le site Vercel,C:\DATA-MC-2030\97IMPORT\97import2026_siteweb\vercel\images\products\r18_pro\r18_pro_side_view.webp,595472,2026-04-04 19:53:12,,,,
❌ Manquant sur le site Vercel,C:\DATA-MC-2030\97IMPORT\97import2026_siteweb\vercel\images\products\r22_pro\r22_pro_cab_view.png,241670,2026-04-04 19:53:13,,,,
❌ Manquant sur le site Vercel,C:\DATA-MC-2030\97IMPORT\97import2026_siteweb\vercel\images\products\r22_pro\r22_pro_cab_view.webp,151484,2026-04-04 19:53:13,,,,
❌ Manquant sur le site Vercel,C:\DATA-MC-2030\97IMPORT\97import2026_siteweb\vercel\images\products\r22_pro\r22_pro_main_view.png,481348,2026-04-04 19:53:13,,,,
❌ Manquant sur le site Vercel,C:\DATA-MC-2030\97IMPORT\97import2026_siteweb\vercel\images\products\r22_pro\r22_pro_main_view.webp,307638,2026-04-04 19:53:14,,,,
❌ Manquant sur le site Vercel,C:\DATA-MC-2030\97IMPORT\97import2026_siteweb\vercel\images\products\r22_pro\r22_pro_rear_view.png,1048122,2026-04-04 19:53:14,,,,
❌ Manquant sur le site Vercel,C:\DATA-MC-2030\97IMPORT\97import2026_siteweb\vercel\images\products\r22_pro\r22_pro_rear_view.webp,616010,2026-04-04 19:53:14,,,,
❌ Manquant sur le site Vercel,C:\DATA-MC-2030\97IMPORT\97import2026_siteweb\vercel\images\products\r22_pro\r22_pro_side_view.png,1059056,2026-04-04 19:53:15,,,,
❌ Manquant sur le site Vercel,C:\DATA-MC-2030\97IMPORT\97import2026_siteweb\vercel\images\products\r22_pro\r22_pro_side_view.webp,621110,2026-04-04 19:53:15,,,,
❌ Manquant sur le site Vercel,C:\DATA-MC-2030\97IMPORT\97import2026_siteweb\vercel\images\products\r32_pro\r32_pro_cab_view.png,219701,2026-04-04 19:53:17,,,,
❌ Manquant sur le site Vercel,C:\DATA-MC-2030\97IMPORT\97import2026_siteweb\vercel\images\products\r32_pro\r32_pro_cab_view.webp,136010,2026-04-04 19:53:17,,,,
❌ Manquant sur le site Vercel,C:\DATA-MC-2030\97IMPORT\97import2026_siteweb\vercel\images\products\r32_pro\r32_pro_main_view.png,473034,2026-04-04 19:53:17,,,,
❌ Manquant sur le site Vercel,C:\DATA-MC-2030\97IMPORT\97import2026_siteweb\vercel\images\products\r32_pro\r32_pro_main_view.webp,310594,2026-04-04 19:53:17,,,,
❌ Manquant sur le site Vercel,C:\DATA-MC-2030\97IMPORT\97import2026_siteweb\vercel\images\products\r32_pro\r32_pro_rear_view.png,935342,2026-04-04 19:53:18,,,,
❌ Manquant sur le site Vercel,C:\DATA-MC-2030\97IMPORT\97import2026_siteweb\vercel\images\products\r32_pro\r32_pro_rear_view.webp,550754,2026-04-04 19:53:18,,,,
❌ Manquant sur le site Vercel,C:\DATA-MC-2030\97IMPORT\97import2026_siteweb\vercel\images\products\r32_pro\r32_pro_side_view.png,1046764,2026-04-04 19:53:18,,,,
❌ Manquant sur le site Vercel,C:\DATA-MC-2030\97IMPORT\97import2026_siteweb\vercel\images\products\r32_pro\r32_pro_side_view.webp,609336,2026-04-04 19:53:19,,,,
❌ Manquant sur le site Vercel,C:\DATA-MC-2030\97IMPORT\97import2026_siteweb\vercel\images\products\r57_pro\r57_pro_main_view.png,211748,2026-04-04 19:53:19,,,,
❌ Manquant sur le site Vercel,C:\DATA-MC-2030\97IMPORT\97import2026_siteweb\vercel\images\products\solar_kits\battery_lifepo4.png,187759,2026-04-04 19:53:19,,,,
❌ Manquant sur le site Vercel,C:\DATA-MC-2030\97IMPORT\97import2026_siteweb\vercel\images\products\solar_kits\deye_inverter.png,52007,2026-04-04 19:53:20,,,,
❌ Manquant sur le site Vercel,C:\DATA-MC-2030\97IMPORT\97import2026_siteweb\vercel\images\products\solar_kits\jinko_600w_bifacial.webp,22582,2026-04-04 19:53:20,,,,
❌ Manquant sur le site Vercel,C:\DATA-MC-2030\97IMPORT\97import2026_siteweb\vercel\images\products\solar_kits\jinko_installation_toiture.webp,60678,2026-04-04 19:53:20,,,,
❌ Manquant sur le site Vercel,C:\DATA-MC-2030\97IMPORT\97import2026_siteweb\vercel\images\products\solar_kits\jinko_panels_pair.webp,20226,2026-04-04 19:53:20,,,,
❌ Manquant sur le site Vercel,C:\DATA-MC-2030\97IMPORT\97import2026_siteweb\vercel\images\products\solar_kits\jinko_panel_layers.png,240921,2026-04-04 19:53:20,,,,
❌ Manquant sur le site Vercel,C:\DATA-MC-2030\97IMPORT\97import2026_siteweb\vercel\images\products\solar_kits\jinko_tiger_neo_fiche.webp,17506,2026-04-04 19:53:21,,,,
❌ Manquant sur le site Vercel,C:\DATA-MC-2030\97IMPORT\97import2026_siteweb\vercel\images\products\solar_kits\jinko_warehouse_stock.webp,71756,2026-04-04 19:53:21,,,,
❌ Manquant sur le site Vercel,C:\DATA-MC-2030\97IMPORT\97import2026_siteweb\vercel\images\products\solar_kits\solar_cables.png,501223,2026-04-04 19:53:21,,,,
❌ Manquant sur le site Vercel,C:\DATA-MC-2030\97IMPORT\97import2026_siteweb\vercel\images\solar\battery_6fm250.webp,209908,2026-04-04 19:53:22,,,,
❌ Manquant sur le site Vercel,C:\DATA-MC-2030\97IMPORT\97import2026_siteweb\vercel\images\solar\deye_inverter.webp,26026,2026-04-04 19:53:22,,,,
❌ Manquant sur le site Vercel,C:\DATA-MC-2030\97IMPORT\97import2026_siteweb\vercel\images\solar\jinko_600w_tiger_neo.jpg,22582,2026-04-04 19:53:22,,,,
❌ Manquant sur le site Vercel,C:\DATA-MC-2030\97IMPORT\97import2026_siteweb\vercel\images\solar\jinko_truck_delivery.jpg,113238,2026-04-04 19:53:22,,,,
❌ Manquant sur le site Vercel,C:\DATA-MC-2030\97IMPORT\97import2026_siteweb\vercel\images\solar\jinko_warehouse.jpg,71756,2026-04-04 19:53:23,,,,
❌ Manquant sur le site Vercel,C:\DATA-MC-2030\97IMPORT\97import2026_siteweb\vercel\images\solar\kit_overview.webp,42414,2026-04-04 19:53:23,,,,
❌ Manquant sur le site Vercel,C:\DATA-MC-2030\97IMPORT\97import2026_siteweb\vercel\images\solar\mounting_structure.webp,59394,2026-04-04 19:53:23,,,,
❌ Manquant sur le site Vercel,C:\DATA-MC-2030\97IMPORT\97import2026_siteweb\vercel\images\solar\panel_detail.webp,102046,2026-04-04 19:53:23,,,,
❌ Manquant sur le site Vercel,C:\DATA-MC-2030\97IMPORT\97import2026_siteweb\vercel\images\solar\solar_cables.webp,306396,2026-04-04 19:53:24,,,,
❌ Manquant sur le site Vercel,C:\DATA-MC-2030\97IMPORT\97import2026_siteweb\vercel\images\solar\solar_installations.jpg,60678,2026-04-04 19:53:24,,,,
❌ Manquant sur le site Vercel,C:\DATA-MC-2030\97IMPORT\97import2026_siteweb\videos\video_1.mp4,10938624,2026-04-04 19:47:07,,,,
❌ Manquant sur le site Vercel,C:\DATA-MC-2030\97IMPORT\97import2026_siteweb\videos\video_2.mp4,30366314,2026-04-04 19:47:07,,,,
❌ Manquant sur le site Vercel,C:\DATA-MC-2030\97IMPORT\97import2026_siteweb\videos\video_3.mp4,14016412,2026-04-04 19:47:07,,,,
❌ Manquant sur le site Vercel,C:\DATA-MC-2030\97IMPORT\97import2026_siteweb\videos\video_tour.mp4,13812784,2026-04-04 19:47:07,,,,
